{
	"id": "22a41573-a939-4eb9-afe1-42c8e11504d5",
	"name": "West-NextGenCRM-PPRD",
	"values": [
		{
			"key": "NextgencrmIdToken",
			"value": "",
			"enabled": true
		},
		{
			"key": "hostname",
			"value": "west-nextgencrm-api",
			"enabled": true
		},
		{
			"key": "Environment",
			"value": "PPRD",
			"enabled": true
		},
		{
			"key": "baseUrl",
			"value": "https://{{hostname}}-{{Environment}}.azurewebsites.net/odata",
			"enabled": true
		},
		{
			"key": "tenantid",
			"value": "61a70d37-ff63-45e3-bb68-f0edbf718ffd",
			"enabled": true
		},
		{
			"key": "clientid",
			"value": "1f161609-5f4a-4131-bf20-ab4f4a9b03c0",
			"enabled": true
		},
		{
			"key": "clientsecret",
			"value": "iFQ7Q~P-fcu-WwquHT2WpTmebHKZTwSPbgpRe",
			"enabled": true
		},
		{
			"key": "resource",
			"value": "api://1f161609-5f4a-4131-bf20-ab4f4a9b03c0",
			"enabled": true
		},
		{
			"key": "AppAccessToken",
			"value": "",
			"enabled": true
		},
		{
			"key": "NextgencrmIdToken",
			"value": "",
			"enabled": true
		}
	],
	"_postman_variable_scope": "environment",
	"_postman_exported_at": "2022-01-17T11:01:53.695Z",
	"_postman_exported_using": "Postman/8.12.4"
}