{
	"id": "59711c86-e3d0-4760-8448-80770a8e4828",
	"name": "West-NextGenCRM-DVV",
	"values": [
		{
			"key": "NextgencrmIdToken",
			"value": "",
			"enabled": true
		},
		{
			"key": "hostname",
			"value": "west-nextgencrm-api",
			"enabled": true
		},
		{
			"key": "Environment",
			"value": "dvv",
			"enabled": true
		},
		{
			"key": "baseUrl",
			"value": "https://{{hostname}}-{{Environment}}.azurewebsites.net/odata",
			"enabled": true
		},
		{
			"key": "tenantid",
			"value": "61a70d37-ff63-45e3-bb68-f0edbf718ffd",
			"enabled": true
		},
		{
			"key": "clientid",
			"value": "38f7d6e0-cdcf-45b4-8f52-e7879ff34ec2",
			"enabled": true
		},
		{
			"key": "clientsecret",
			"value": "6b-Fxgm8y~zjHNR~RxpvxvYqMkgg.13-6k",
			"enabled": true
		},
		{
			"key": "resource",
			"value": "api://38f7d6e0-cdcf-45b4-8f52-e7879ff34ec2",
			"enabled": true
		},
		{
			"key": "AppAccessToken",
			"value": "",
			"enabled": true
		},
		{
			"key": "NextgencrmIdToken",
			"value": "",
			"enabled": true
		}
	],
	"_postman_variable_scope": "environment",
	"_postman_exported_at": "2022-01-17T11:01:35.262Z",
	"_postman_exported_using": "Postman/8.12.4"
}