{
	"id": "be9732d4-50cc-4195-ac89-92871c413a32",
	"name": "West-NextGenCRM-UAT",
	"values": [
		{
			"key": "NextgencrmIdToken",
			"value": "",
			"enabled": true
		},
		{
			"key": "hostname",
			"value": "west-nextgencrm-api",
			"enabled": true
		},
		{
			"key": "Environment",
			"value": "UAT",
			"enabled": true
		},
		{
			"key": "baseUrl",
			"value": "https://{{hostname}}-{{Environment}}.azurewebsites.net/odata",
			"enabled": true
		},
		{
			"key": "tenantid",
			"value": "61a70d37-ff63-45e3-bb68-f0edbf718ffd",
			"enabled": true
		},
		{
			"key": "clientid",
			"value": "8e50422e-6210-413e-a622-56f9c19d55af",
			"enabled": true
		},
		{
			"key": "clientsecret",
			"value": "qr07Q~qS02AHCsjbCIoVyHHsLqxxJ7N5jwKhy",
			"enabled": true
		},
		{
			"key": "resource",
			"value": "api://8e50422e-6210-413e-a622-56f9c19d55af",
			"enabled": true
		},
		{
			"key": "AppAccessToken",
			"value": "",
			"enabled": true
		},
		{
			"key": "NextgencrmIdToken",
			"value": "",
			"enabled": true
		}
	],
	"_postman_variable_scope": "environment",
	"_postman_exported_at": "2022-01-17T11:02:01.845Z",
	"_postman_exported_using": "Postman/8.12.4"
}