{
	"id": "eb7655ea-f25e-4635-90de-0f40b9b15990",
	"name": "West-NextGenCRM-PROD",
	"values": [
		{
			"key": "NextgencrmIdToken",
			"value": "",
			"enabled": true
		},
		{
			"key": "hostname",
			"value": "west-nextgencrm-api",
			"enabled": true
		},
		{
			"key": "Environment",
			"value": "PROD",
			"enabled": true
		},
		{
			"key": "baseUrl",
			"value": "https://{{hostname}}-{{Environment}}.azurewebsites.net/odata",
			"enabled": true
		},
		{
			"key": "tenantid",
			"value": "61a70d37-ff63-45e3-bb68-f0edbf718ffd",
			"enabled": true
		},
		{
			"key": "clientid",
			"value": "4138bf62-0998-4976-8907-dde1d49e3c2a",
			"enabled": true
		},
		{
			"key": "clientsecret",
			"value": "oUB7Q~5.~xp6nBe~KbvCUmPYvI..v6PmcHMSQ",
			"enabled": true
		},
		{
			"key": "resource",
			"value": "api://4138bf62-0998-4976-8907-dde1d49e3c2a",
			"enabled": true
		},
		{
			"key": "AppAccessToken",
			"value": "",
			"enabled": true
		},
		{
			"key": "NextgencrmIdToken",
			"value": "",
			"enabled": true
		}
	],
	"_postman_variable_scope": "environment",
	"_postman_exported_at": "2022-01-17T11:04:07.619Z",
	"_postman_exported_using": "Postman/8.12.4"
}